{"accuracy": [0.4514000117778778, 0.5857800245285034, 0.6340600252151489, 0.6718000173568726, 0.6990600228309631, 0.7207800149917603, 0.7369199991226196, 0.7563599944114685, 0.7692999839782715, 0.7783399820327759, 0.792140007019043, 0.8026599884033203, 0.8118399977684021, 0.8210999965667725], "loss": [1.5141655206680298, 1.1732404232025146, 1.0391420125961304, 0.9377722144126892, 0.8618188500404358, 0.8019885420799255, 0.745986819267273, 0.6973233819007874, 0.655432403087616, 0.6242451071739197, 0.582655668258667, 0.5551041960716248, 0.5256388187408447, 0.4979318082332611], "val_accuracy": [0.5795999765396118, 0.6383000016212463, 0.676800012588501, 0.6922000050544739, 0.7014999985694885, 0.7006999850273132, 0.7143999934196472, 0.7204999923706055, 0.7258999943733215, 0.728600025177002, 0.7307000160217285, 0.711899995803833, 0.7218000292778015, 0.7239999771118164], "val_loss": [1.1766719818115234, 1.029726505279541, 0.9374260902404785, 0.8911352753639221, 0.8726248145103455, 0.8638389706611633, 0.8257368206977844, 0.8352105617523193, 0.8154012560844421, 0.8257809281349182, 0.8273444175720215, 0.9017826318740845, 0.8631515502929688, 0.8932873010635376]}